Virus name	Accession ID	Collection date	Location	Host	Additional location information	Sampling strategy	Gender	Patient age	Patient status	Last vaccinated	Passage	Specimen	Additional host information	Lineage	Clade	AA Substitutions
hCoV-19/Peru/LIM-INS-41597/2022	EPI_ISL_17304537	2022-12-08	South America / Peru / Lima	Human			Female	39	unknown		Original	Nasopharyngeal swab	Vaccinated against SARS-CoV-2	DJ.1.1	GRA	(NSP5_P132H,Spike_H69del,NSP3_G489S,Spike_L24del,NSP4_T327I,Spike_S373P,Spike_N969K,Spike_H655Y,N_R203K,Spike_V213G,Spike_G142D,Spike_A27S,Spike_Q954H,N_P13L,Spike_N501Y,Spike_P25del,N_R32del,NS3_T223I,Spike_T19I,M_Q19E,Spike_N440K,NSP4_T492I,Spike_N460K,M_D3N,Spike_N679K,Spike_N764K,NSP6_G107del,Spike_Y505H,Spike_D796Y,N_G204R,Spike_T478K,N_S413R,M_A63T,NSP8_T141M,Spike_S371F,Spike_K417N,NSP13_R392C,Spike_F486V,Spike_T376A,NSP6_S106del,NS7b_H42Y,Spike_G339D,Spike_R408S,NS8_W45S,NSP14_I42V,NSP4_L264F,Spike_P681H,Spike_Y144del,NSP3_T24I,N_S33del,N_T265S,NSP1_S135R,Spike_S375F,Spike_D405N,Spike_Q498R,Spike_S477N,N_E31del,NSP15_T112I,NSP6_F108del,Spike_K444N,Spike_E484A,E_T9I,Spike_V70del,Spike_P26del,NSP12_P323L,Spike_D614G,Spike_L452R)
hCoV-19/Peru/LIM-INS-41591/2022	EPI_ISL_17304531	2022-12-08	South America / Peru / Lima	Human			Female	67	unknown		Original	Nasopharyngeal swab	Vaccinated against SARS-CoV-2	BQ.1.1	GRA	(NSP5_P132H,Spike_H69del,NSP3_G489S,Spike_L24del,NSP4_T327I,Spike_S373P,Spike_N969K,Spike_H655Y,N_R203K,Spike_V213G,Spike_G142D,Spike_A27S,Spike_Q954H,N_P13L,Spike_N501Y,Spike_P25del,N_R32del,NS3_T223I,Spike_T19I,M_Q19E,Spike_N440K,NSP4_T492I,Spike_N460K,N_E136D,M_D3N,Spike_N679K,Spike_N764K,NSP6_G107del,Spike_Y505H,NSP13_N268S,Spike_D796Y,N_G204R,Spike_T478K,N_S413R,NSP6_L260F,M_A63T,Spike_R346T,NSP2_Q376K,Spike_S371F,Spike_K417N,NSP13_R392C,Spike_F486V,Spike_T376A,NSP6_S106del,Spike_G339D,Spike_R408S,NSP14_I42V,NSP4_L264F,Spike_P681H,NSP13_M233I,NSP3_T24I,N_S33del,NSP1_S135R,Spike_S375F,Spike_D405N,Spike_Q498R,Spike_S477N,N_E31del,NSP12_Y273H,NSP15_T112I,NSP6_F108del,Spike_E484A,E_T9I,Spike_K444T,Spike_V70del,Spike_P26del,NSP12_P323L,Spike_D614G,Spike_L452R)
hCoV-19/Peru/LIM-INS-41522/2022	EPI_ISL_17304462	2022-12-27	South America / Peru / Lima	Human			Male	54	unknown		Original	Nasopharyngeal swab	Vaccinated against SARS-CoV-2	XBB.2.6	GRA	(NSP5_P132H,NSP12_G671S,NSP3_G489S,Spike_L24del,NSP4_T327I,Spike_S373P,Spike_N969K,Spike_H655Y,N_R203K,Spike_G142D,Spike_A27S,Spike_Q954H,N_P13L,Spike_N501Y,Spike_P25del,N_R32del,Spike_V213E,NS3_T223I,Spike_T19I,Spike_H146Q,M_Q19E,Spike_N440K,Spike_D253G,NSP4_T492I,Spike_N460K,Spike_N679K,Spike_N764K,E_T11A,NSP6_G107del,Spike_Y505H,Spike_D796Y,N_G204R,Spike_T478K,N_S413R,M_A63T,Spike_R346T,Spike_S371F,Spike_V445P,Spike_K417N,NSP13_R392C,Spike_L368I,Spike_T376A,NSP6_S106del,Spike_F490S,NSP12_L514F,Spike_R408S,NSP4_L438F,Spike_F486S,Spike_G339H,NSP14_I42V,NSP4_L264F,Spike_P681H,Spike_Y144del,Spike_V83A,N_S33del,NSP1_S135R,Spike_S375F,Spike_D405N,Spike_Q498R,Spike_G446S,NSP13_S36P,Spike_S477N,N_E31del,NSP15_T112I,NSP6_F108del,Spike_E484A,E_T9I,NSP1_K47R,Spike_P26del,NSP12_P323L,Spike_D614G)
hCoV-19/Peru/LIM-INS-41599/2022	EPI_ISL_17304539	2022-12-08	South America / Peru / Lima	Human			Male	31	unknown		Original	Nasopharyngeal swab	Vaccinated against SARS-CoV-2	DJ.1.1	GRA	(NSP5_P132H,Spike_H69del,NSP3_G489S,Spike_L24del,NSP4_T327I,Spike_S373P,Spike_N969K,Spike_H655Y,N_R203K,Spike_V213G,Spike_G142D,Spike_A27S,Spike_Q954H,N_P13L,Spike_N501Y,Spike_P25del,N_R32del,NS3_T223I,Spike_T19I,NSP3_A256V,M_Q19E,Spike_N440K,NSP4_T492I,Spike_N460K,N_P80Q,M_D3N,Spike_N679K,Spike_N764K,NSP6_G107del,Spike_Y505H,Spike_K147N,Spike_D796Y,N_G204R,Spike_T478K,N_S413R,M_A63T,Spike_S371F,Spike_K417N,NSP13_R392C,Spike_F486V,Spike_T376A,NSP6_S106del,NS7b_H42Y,Spike_G339D,Spike_R408S,NS8_W45S,NSP14_I42V,NSP4_L264F,Spike_P681H,NSP3_T24I,N_S33del,N_T265S,NSP1_S135R,Spike_S375F,Spike_D405N,Spike_Q498R,Spike_S477N,N_E31del,NSP15_T112I,NSP6_F108del,Spike_K444N,Spike_E484A,E_T9I,Spike_V70del,Spike_P26del,NSP12_P323L,Spike_D614G,Spike_L452R,NSP6_Q208R)
hCoV-19/Peru/LIM-INS-41471/2022	EPI_ISL_17304411	2022-12-21	South America / Peru / Lima	Human			Female	63	unknown		Original	Nasopharyngeal swab	Vaccinated against SARS-CoV-2	XBB.2.6	GRA	(NSP5_P132H,NSP12_G671S,NSP3_G489S,Spike_L24del,NSP4_T327I,Spike_S373P,Spike_N969K,Spike_H655Y,N_R203K,Spike_G142D,Spike_A27S,Spike_Q954H,N_P13L,Spike_N501Y,Spike_P25del,N_R32del,Spike_V213E,NS3_T223I,Spike_T19I,Spike_H146Q,M_Q19E,Spike_N440K,Spike_D253G,NSP4_T492I,Spike_N460K,Spike_N679K,Spike_N764K,E_T11A,NSP6_G107del,Spike_Y505H,Spike_D796Y,Spike_T478K,N_S413R,N_G204P,M_A63T,Spike_R346T,Spike_S371F,Spike_V445P,Spike_K417N,NSP13_R392C,Spike_L368I,Spike_T376A,NSP6_S106del,NSP8_Q24R,Spike_F490S,Spike_R408S,NSP4_L438F,Spike_F486S,Spike_G339H,NSP14_I42V,NSP4_L264F,Spike_P681H,Spike_Y144del,Spike_V83A,N_S33del,NSP1_S135R,Spike_S375F,Spike_D405N,Spike_Q498R,Spike_G446S,NSP13_S36P,Spike_S477N,N_E31del,NSP15_T112I,NSP6_F108del,Spike_E484A,E_T9I,NSP1_K47R,Spike_P26del,NSP12_P323L,Spike_D614G,Spike_N148T)
hCoV-19/Peru/LIM-INS-41477/2022	EPI_ISL_17304417	2022-12-22	South America / Peru / Lima	Human			Female	47	unknown		Original	Nasopharyngeal swab	Vaccinated against SARS-CoV-2	XBB.2.6	GRA	(NSP5_P132H,NSP12_G671S,NSP3_G489S,Spike_L24del,NSP4_T327I,Spike_S373P,Spike_N969K,Spike_H655Y,N_R203K,Spike_G142D,Spike_A27S,Spike_Q954H,N_P13L,Spike_N501Y,Spike_P25del,N_R32del,Spike_V213E,NS3_T223I,NSP13_T440I,Spike_T19I,Spike_H146Q,M_Q19E,Spike_N440K,Spike_D253G,NSP4_T492I,Spike_N460K,Spike_N679K,Spike_N764K,E_T11A,NSP6_G107del,Spike_Y505H,Spike_D796Y,N_G204R,Spike_T478K,N_S413R,M_A63T,Spike_R346T,Spike_S371F,Spike_V445P,Spike_K417N,NSP13_R392C,Spike_L368I,Spike_T376A,NSP6_S106del,Spike_F490S,Spike_R408S,NSP4_L438F,Spike_F486S,Spike_G339H,NSP14_I42V,NSP4_L264F,Spike_P681H,Spike_Y144del,Spike_V83A,N_S33del,NSP1_S135R,Spike_S375F,Spike_D405N,Spike_Q498R,Spike_G446S,NSP13_S36P,Spike_S477N,N_E31del,NSP15_T112I,NSP6_F108del,Spike_E484A,E_T9I,NSP1_K47R,Spike_P26del,NSP12_P323L,Spike_D614G)
hCoV-19/Peru/LIM-INS-41566/2023	EPI_ISL_17304506	2023-01-30	South America / Peru / Lima	Human			Female	70	unknown		Original	Nasopharyngeal swab	Vaccinated against SARS-CoV-2	XBB.2.6	GRA	(NSP5_P132H,NSP12_G671S,NSP3_G489S,Spike_L24del,NSP4_T327I,Spike_S373P,Spike_N969K,Spike_H655Y,N_R203K,Spike_G142D,Spike_A27S,Spike_Q954H,N_P13L,Spike_N501Y,Spike_P25del,N_R32del,Spike_V213E,NS3_T223I,Spike_T19I,NSP4_T83I,NSP13_T367I,Spike_H146Q,M_Q19E,Spike_N440K,Spike_D253G,NSP4_T492I,Spike_N460K,Spike_N679K,Spike_N764K,E_T11A,NSP6_G107del,Spike_Y505H,Spike_D796Y,N_G204R,Spike_T478K,N_S413R,M_A63T,Spike_R346T,Spike_S371F,Spike_V445P,NSP13_R392C,Spike_K417N,Spike_L368I,Spike_T376A,NSP6_S106del,Spike_F490S,Spike_R408S,NSP4_L438F,Spike_F486S,Spike_G339H,NSP14_I42V,NSP4_L264F,Spike_P681H,Spike_Y144del,Spike_V83A,NSP3_T24I,N_S33del,NSP1_S135R,Spike_S375F,Spike_D405N,Spike_Q498R,Spike_G446S,NSP13_S36P,Spike_Q183E,Spike_S477N,N_E31del,NSP15_T112I,NS8_T26I,NSP6_F108del,Spike_E484A,E_T9I,NSP1_K47R,Spike_P26del,NSP12_P323L,Spike_D614G)
hCoV-19/Peru/LIM-INS-41543/2022	EPI_ISL_17304483	2022-12-27	South America / Peru / Lima	Human			Female	61	unknown		Original	Nasopharyngeal swab	Vaccinated against SARS-CoV-2	XBB.2.6	GRA	(NSP5_P132H,NSP12_G671S,NSP3_G489S,Spike_L24del,NSP4_T327I,Spike_S373P,Spike_N969K,Spike_H655Y,N_R203K,Spike_G142D,N_Q181L,Spike_A27S,Spike_Q954H,N_P13L,Spike_N501Y,Spike_P25del,N_R32del,Spike_V213E,NS3_T223I,Spike_T19I,Spike_E619K,Spike_H146Q,M_Q19E,Spike_N440K,Spike_D253G,NSP4_T492I,Spike_N460K,Spike_N679K,Spike_N764K,E_T11A,NSP6_G107del,Spike_Y505H,Spike_D796Y,N_G204R,Spike_T478K,N_S413R,NSP3_I77V,M_A63T,Spike_R346T,Spike_S371F,Spike_V445P,NSP13_R392C,Spike_K417N,Spike_L368I,Spike_T376A,NSP6_S106del,Spike_F490S,NSP3_E374A,Spike_R408S,NSP4_L438F,Spike_F486S,Spike_G339H,NSP14_I42V,NSP4_L264F,Spike_P681H,Spike_Y144del,Spike_V83A,N_S33del,NSP1_S135R,Spike_S375F,Spike_D405N,Spike_Q498R,Spike_G446S,NSP13_S36P,Spike_S477N,N_E31del,NSP15_T112I,NSP6_F108del,Spike_E484A,E_T9I,NSP1_K47R,Spike_P26del,NSP12_P323L,Spike_D614G)
hCoV-19/Peru/LIM-INS-41480/2022	EPI_ISL_17304420	2022-12-27	South America / Peru / Lima	Human			Female	52	unknown		Original	Nasopharyngeal swab	Vaccinated against SARS-CoV-2	XBB.2.6	GRA	(NSP5_P132H,NSP12_G671S,NSP3_G489S,Spike_L24del,NSP4_T327I,Spike_S373P,Spike_N969K,Spike_H655Y,N_R203K,Spike_G142D,Spike_A27S,Spike_Q954H,N_P13L,Spike_N501Y,Spike_P25del,N_R32del,Spike_V213E,NS3_T223I,Spike_T19I,Spike_H146Q,M_Q19E,Spike_N440K,Spike_D253G,NSP4_T492I,Spike_N460K,Spike_N679K,Spike_N764K,E_T11A,NSP6_G107del,Spike_Y505H,Spike_D796Y,N_G204R,Spike_T478K,N_S413R,M_A63T,Spike_R346T,Spike_S371F,Spike_V445P,Spike_K417N,NSP13_R392C,Spike_L368I,Spike_T376A,NSP6_S106del,Spike_F490S,Spike_R408S,NSP4_L438F,Spike_F486S,Spike_G339H,NSP14_I42V,NSP4_L264F,Spike_P681H,Spike_Y144del,Spike_V83A,N_S33del,NSP1_S135R,Spike_S375F,Spike_D405N,Spike_Q498R,Spike_G446S,NSP13_S36P,Spike_S477N,N_E31del,NSP15_T112I,NSP6_F108del,Spike_E484A,E_T9I,NSP1_K47R,Spike_P26del,NSP12_P323L,Spike_D614G)
hCoV-19/Peru/PIU-INS-41674/2022	EPI_ISL_17304387	2022-12-03	South America / Peru / Piura	Human			Male	50	unknown		Original	Nasopharyngeal swab	Vaccinated against SARS-CoV-2	DJ.1.1	GRA	(NSP5_P132H,Spike_H69del,NSP3_G489S,Spike_L24del,NSP4_T327I,Spike_S373P,Spike_N969K,Spike_H655Y,N_R203K,Spike_V213G,Spike_G142D,Spike_A27S,Spike_Q954H,N_P13L,Spike_N501Y,Spike_P25del,N_R32del,NS3_T223I,Spike_T19I,M_Q19E,Spike_N440K,NSP4_T492I,Spike_N460K,M_D3N,Spike_N679K,Spike_N764K,NSP6_G107del,Spike_Y505H,Spike_K147N,Spike_D796Y,N_G204R,Spike_T478K,N_S413R,M_A63T,Spike_S371F,Spike_K417N,NSP13_R392C,Spike_F486V,Spike_T376A,NSP6_S106del,NS7b_H42Y,Spike_G339D,NS8_W45S,NSP14_I42V,Spike_P681H,NSP4_L264F,NSP3_T24I,N_S33del,N_T265S,NSP1_S135R,Spike_S375F,Spike_D405N,Spike_Q498R,Spike_S477N,N_E31del,NSP15_T112I,NSP6_F108del,Spike_K444N,Spike_E484A,E_T9I,Spike_V70del,Spike_P26del,NSP12_P323L,Spike_D614G,Spike_L452R)
hCoV-19/Peru/PIU-INS-41671/2022	EPI_ISL_17304384	2022-12-06	South America / Peru / Piura	Human			Female	46	unknown		Original	Nasopharyngeal swab		BQ.1.1.4	GRA	(NSP5_P132H,Spike_H69del,NSP3_G489S,Spike_L24del,NSP4_T327I,Spike_S373P,Spike_N969K,Spike_H655Y,N_R203K,Spike_V213G,Spike_G142D,Spike_A27S,Spike_Q954H,N_P13L,Spike_N501Y,Spike_P25del,N_R32del,NS3_T223I,Spike_T19I,M_Q19E,Spike_N440K,NSP4_T492I,Spike_N460K,N_E136D,M_D3N,Spike_N679K,Spike_N764K,NSP6_G107del,Spike_Y505H,NSP13_N268S,Spike_D796Y,N_G204R,Spike_T478K,N_S413R,NSP6_L260F,M_A63T,Spike_R346T,NSP2_Q376K,Spike_S371F,Spike_K417N,NSP13_R392C,Spike_F486V,Spike_T376A,NSP6_S106del,Spike_G339D,NSP14_I42V,NSP4_L264F,Spike_P681H,NSP13_M233I,NSP3_T24I,N_S33del,NSP1_S135R,Spike_S375F,Spike_D405N,Spike_Q498R,Spike_S477N,N_E31del,NSP12_Y273H,NSP15_T112I,NSP6_F108del,Spike_E484A,E_T9I,Spike_K444T,Spike_V70del,Spike_P26del,NSP12_P323L,Spike_D614G,Spike_L452R)
hCoV-19/Peru/LIM-INS-41520/2022	EPI_ISL_17304460	2022-12-27	South America / Peru / Lima	Human			Male	36	unknown		Original	Nasopharyngeal swab	Vaccinated against SARS-CoV-2	XBB.2.6	GRA	(NSP5_P132H,NSP12_G671S,NSP3_G489S,Spike_L24del,NSP4_T327I,Spike_S373P,Spike_N969K,Spike_H655Y,N_R203K,Spike_G142D,Spike_A27S,Spike_Q954H,N_P13L,Spike_N501Y,Spike_P25del,N_R32del,Spike_V213E,NS3_T223I,Spike_T19I,Spike_H146Q,M_Q19E,Spike_N440K,Spike_D253G,NSP4_T492I,Spike_N460K,Spike_N679K,Spike_N764K,E_T11A,NSP6_G107del,Spike_Y505H,Spike_D796Y,N_G204R,Spike_T478K,N_S413R,M_A63T,Spike_R346T,Spike_S371F,Spike_V445P,Spike_K417N,NSP13_R392C,Spike_L368I,Spike_T376A,NSP6_S106del,Spike_F490S,Spike_R408S,NSP4_L438F,Spike_F486S,Spike_G339H,NSP14_I42V,NSP4_L264F,Spike_P681H,Spike_Y144del,Spike_V83A,N_S33del,NSP1_S135R,Spike_S375F,Spike_D405N,Spike_Q498R,Spike_G446S,NSP13_S36P,Spike_S477N,N_E31del,NSP15_T112I,NSP6_F108del,Spike_E484A,E_T9I,NSP1_K47R,Spike_P26del,NSP12_P323L,Spike_D614G)
hCoV-19/Peru/PIU-INS-41653/2022	EPI_ISL_17304366	2022-12-06	South America / Peru / Piura	Human			Male	31	unknown		Original	Nasopharyngeal swab	Vaccinated against SARS-CoV-2	XBB.2.6	GRA	(NSP5_P132H,NSP12_G671S,NSP3_G489S,Spike_L24del,NSP4_T327I,Spike_S373P,Spike_N969K,Spike_H655Y,N_R203K,Spike_G142D,Spike_A27S,Spike_Q954H,N_P13L,Spike_N501Y,Spike_P25del,N_R32del,Spike_V213E,NS3_T223I,Spike_T19I,Spike_H146Q,M_Q19E,Spike_N440K,Spike_D253G,NSP4_T492I,Spike_N460K,Spike_N679K,Spike_N764K,E_T11A,NSP6_G107del,Spike_Y505H,Spike_D796Y,N_G204R,Spike_T478K,N_S413R,M_A63T,Spike_R346T,Spike_S371F,Spike_V445P,Spike_K417N,NSP13_R392C,Spike_L368I,Spike_T376A,NSP6_S106del,Spike_F490S,NSP4_L438F,Spike_F486S,Spike_G339H,NSP14_I42V,NSP4_L264F,Spike_P681H,Spike_Y144del,Spike_V83A,NSP3_T24I,N_S33del,NSP1_S135R,Spike_S375F,Spike_D405N,Spike_Q498R,Spike_G446S,NSP13_S36P,Spike_Q183E,Spike_S477N,N_E31del,NSP15_T112I,NSP6_F108del,Spike_E484A,E_T9I,NSP1_K47R,Spike_P26del,NSP12_P323L,Spike_D614G)
hCoV-19/Peru/LIM-INS-41489/2022	EPI_ISL_17304429	2022-12-27	South America / Peru / Lima	Human			Male	24	unknown		Original	Nasopharyngeal swab	Vaccinated against SARS-CoV-2	DJ.1.1.1	GRA	(NSP5_P132H,NSP13_S350L,Spike_H69del,NSP3_G489S,Spike_L24del,NSP4_T327I,Spike_S373P,Spike_N969K,Spike_H655Y,N_R203K,Spike_V213G,Spike_G142D,Spike_A27S,Spike_Q954H,N_P13L,Spike_N501Y,Spike_P25del,N_R32del,NS3_T223I,Spike_T19I,M_Q19E,Spike_N440K,NSP4_T492I,Spike_N460K,M_D3N,Spike_N679K,Spike_N764K,NSP6_G107del,Spike_Y505H,Spike_K147N,Spike_D796Y,N_G204R,Spike_T478K,N_S413R,M_A63T,Spike_S371F,Spike_K417N,NSP13_R392C,Spike_F486V,Spike_T376A,NSP6_S106del,NS7b_H42Y,Spike_G339D,Spike_R408S,NS8_W45S,NSP14_I42V,NSP4_L264F,Spike_P681H,N_S33del,N_T265S,NSP1_S135R,Spike_S375F,Spike_D405N,Spike_Q498R,Spike_S477N,N_E31del,NSP15_T112I,NSP6_F108del,Spike_K444N,Spike_E484A,E_T9I,Spike_V70del,Spike_P26del,NSP12_P323L,Spike_D614G,Spike_L452R)
hCoV-19/Peru/LIM-INS-41521/2022	EPI_ISL_17304461	2022-12-27	South America / Peru / Lima	Human			Male	57	unknown		Original	Nasopharyngeal swab	Vaccinated against SARS-CoV-2	XBB.2.6	GRA	(NSP5_P132H,NSP12_G671S,NSP3_G489S,Spike_L24del,NSP4_T327I,Spike_S373P,Spike_N969K,Spike_H655Y,N_R203K,Spike_G142D,Spike_A27S,Spike_Q954H,N_P13L,Spike_N501Y,Spike_P25del,N_R32del,Spike_V213E,NS3_T223I,Spike_T19I,Spike_H146Q,M_Q19E,Spike_N440K,Spike_D253G,NSP4_T492I,Spike_N460K,Spike_N679K,Spike_N764K,E_T11A,NSP6_G107del,Spike_Y505H,Spike_D796Y,N_G204R,Spike_T478K,N_S413R,NS3_Q213K,M_A63T,Spike_R346T,Spike_S371F,Spike_V445P,Spike_K417N,NSP13_R392C,Spike_L368I,Spike_T376A,NSP6_S106del,Spike_F490S,Spike_R408S,NSP4_L438F,Spike_F486S,Spike_G339H,NSP14_I42V,NSP4_L264F,Spike_P681H,Spike_Y144del,Spike_V83A,N_S33del,NSP1_S135R,Spike_S375F,Spike_D405N,Spike_Q498R,Spike_G446S,NSP13_S36P,Spike_S477N,N_E31del,NSP15_T112I,NSP6_F108del,Spike_E484A,E_T9I,NSP1_K47R,Spike_P26del,NSP12_P323L,Spike_D614G)
hCoV-19/Peru/LIM-INS-41513/2022	EPI_ISL_17304453	2022-12-26	South America / Peru / Lima	Human			Female	46	unknown		Original	Nasopharyngeal swab	Vaccinated against SARS-CoV-2	BQ.1	GRA	(NSP5_P132H,Spike_H69del,NSP3_G489S,Spike_L24del,NSP4_T327I,Spike_S373P,Spike_N969K,Spike_H655Y,N_R203K,Spike_V213G,Spike_G142D,Spike_A27S,Spike_Q954H,N_P13L,Spike_N501Y,Spike_P25del,N_R32del,NS3_T223I,Spike_T19I,M_Q19E,Spike_N440K,NSP4_T492I,Spike_N460K,N_E136D,M_D3N,Spike_N679K,Spike_N764K,NSP6_G107del,Spike_Y505H,NSP13_N268S,Spike_D796Y,N_G204R,Spike_T478K,N_S413R,NSP6_L260F,M_A63T,NSP8_T141M,Spike_S371F,Spike_K417N,NSP13_R392C,Spike_F486V,Spike_T376A,NSP6_S106del,Spike_G339D,Spike_R408S,NSP14_I42V,NSP4_L264F,Spike_P681H,NSP13_M233I,NSP3_S1644G,N_S33del,NSP1_S135R,Spike_S375F,Spike_D405N,Spike_Q498R,Spike_S477N,N_E31del,NSP12_Y273H,NSP15_T112I,NSP6_F108del,Spike_E484A,E_T9I,Spike_K444T,Spike_V70del,Spike_P26del,NSP12_P323L,Spike_D614G,Spike_L452R)
hCoV-19/Peru/CAL-INS-41516/2022	EPI_ISL_17304456	2022-12-27	South America / Peru / Callao	Human			Male	60	unknown		Original	Nasopharyngeal swab		XBB.2.6	GRA	(NSP5_P132H,NSP12_G671S,NSP3_G489S,Spike_L24del,NSP4_T327I,Spike_S373P,Spike_N969K,Spike_H655Y,N_R203K,Spike_G142D,Spike_A27S,Spike_Q954H,N_P13L,Spike_N501Y,Spike_P25del,N_R32del,Spike_V213E,NS3_T223I,Spike_T19I,Spike_H146Q,M_Q19E,Spike_N440K,Spike_D253G,NSP4_T492I,Spike_N460K,Spike_N679K,Spike_N764K,E_T11A,NSP6_G107del,Spike_Y505H,Spike_D796Y,N_G204R,Spike_T478K,N_S413R,M_A63T,Spike_R346T,Spike_S371F,Spike_V445P,Spike_K417N,NSP13_R392C,Spike_L368I,Spike_T376A,NSP6_S106del,Spike_F490S,Spike_Q183Z,Spike_R408S,NSP4_L438F,Spike_F486S,Spike_G339H,NSP14_I42V,NSP4_L264F,Spike_P681H,Spike_Y144del,Spike_V83A,N_S33del,NSP1_S135R,Spike_S375F,Spike_D405N,Spike_Q498R,Spike_G446S,NSP13_S36P,Spike_S477N,N_E31del,NSP15_T112I,NSP6_F108del,Spike_E484A,E_T9I,NSP1_K47R,Spike_P26del,NSP12_P323L,Spike_D614G)
hCoV-19/Peru/LIM-INS-41529/2022	EPI_ISL_17304469	2022-12-27	South America / Peru / Lima	Human			Male	30	unknown		Original	Nasopharyngeal swab	Vaccinated against SARS-CoV-2	XBB.2.6	GRA	(NSP5_P132H,NSP12_G671S,NSP3_G489S,Spike_L24del,NSP4_T327I,Spike_S373P,Spike_N969K,Spike_H655Y,N_R203K,Spike_G142D,Spike_A27S,Spike_Q954H,N_P13L,Spike_N501Y,Spike_P25del,N_R32del,Spike_V213E,NS3_T223I,Spike_T19L,Spike_H146Q,M_Q19E,Spike_N440K,Spike_D253G,NSP4_T492I,Spike_N460K,Spike_N679K,Spike_N764K,E_T11A,NSP6_G107del,Spike_Y505H,Spike_D796Y,N_G204R,Spike_T478K,N_S413R,M_A63T,Spike_R346T,Spike_S371F,Spike_V445P,Spike_K417N,NSP13_R392C,Spike_L368I,Spike_T376A,NSP6_S106del,Spike_F490S,Spike_R408S,NSP4_L438F,Spike_F486S,Spike_G339H,NSP14_I42V,NSP4_L264F,Spike_P681H,Spike_Y144del,Spike_V83A,N_S33del,NSP1_S135R,Spike_S375F,Spike_D405N,NSP3_E155V,Spike_Q498R,Spike_G446S,NSP13_S36P,Spike_S477N,N_E31del,NSP15_T112I,NSP6_F108del,Spike_E484A,E_T9I,NSP1_K47R,Spike_P26del,NSP12_P323L,Spike_D614G)
hCoV-19/Peru/LIM-INS-41505/2022	EPI_ISL_17304445	2022-12-22	South America / Peru / Lima	Human			Female	59	unknown		Original	Nasopharyngeal swab	Vaccinated against SARS-CoV-2	XBB.2.6	GRA	(NSP5_P132H,NSP12_G671S,NSP3_G489S,Spike_L24del,NSP4_T327I,Spike_S373P,Spike_N969K,Spike_H655Y,N_R203K,Spike_G142D,Spike_A27S,Spike_Q954H,N_P13L,Spike_N501Y,Spike_P25del,N_R32del,Spike_V213E,NS3_T223I,Spike_T19I,Spike_H146Q,M_Q19E,Spike_N440K,Spike_D253G,NSP4_T492I,Spike_N460K,Spike_N679K,Spike_N764K,E_T11A,NSP6_G107del,Spike_Y505H,Spike_D796Y,N_G204R,Spike_T478K,N_S413R,M_A63T,Spike_R346T,Spike_S371F,Spike_V445P,Spike_K417N,NSP13_R392C,Spike_L368I,Spike_T376A,NSP6_S106del,Spike_F490S,Spike_R408S,NSP4_L438F,Spike_F486S,Spike_G339H,NSP14_I42V,NSP4_L264F,Spike_P681H,NSP14_V125F,Spike_Y144del,Spike_V83A,N_S33del,NSP1_S135R,Spike_S375F,Spike_D405N,Spike_Q498R,Spike_G446S,NSP13_S36P,Spike_S477N,N_E31del,NSP15_T112I,NSP6_F108del,Spike_E484A,E_T9I,NSP1_K47R,Spike_P26del,NSP12_P323L,Spike_D614G)
hCoV-19/Peru/LIM-INS-41530/2022	EPI_ISL_17304470	2022-12-27	South America / Peru / Lima	Human			Male	49	unknown		Original	Nasopharyngeal swab	Vaccinated against SARS-CoV-2	XBB.2.6	GRA	(NSP5_P132H,NSP12_G671S,NSP3_G489S,Spike_L24del,NSP4_T327I,Spike_S373P,Spike_N969K,Spike_H655Y,N_R203K,Spike_G142D,Spike_A27S,Spike_Q954H,N_P13L,Spike_N501Y,Spike_P25del,N_R32del,Spike_V213E,NS3_T223I,Spike_T19I,Spike_H146Q,M_Q19E,Spike_N440K,Spike_D253G,NSP4_T492I,Spike_N460K,Spike_N679K,Spike_N764K,E_T11A,NSP6_G107del,Spike_Y505H,Spike_D796Y,N_G204R,Spike_T478K,N_S413R,NSP6_L260F,M_A63T,Spike_R346T,Spike_S371F,Spike_V445P,Spike_K417N,NSP13_R392C,Spike_L368I,Spike_T376A,NSP6_S106del,Spike_F490S,Spike_R408S,NSP4_L438F,Spike_F486S,Spike_G339H,NSP14_I42V,NSP4_L264F,Spike_P681H,Spike_Y144del,Spike_V83A,N_S33del,NSP1_S135R,Spike_S375F,Spike_D405N,Spike_Q498R,Spike_G446S,NSP13_S36P,Spike_S477N,N_E31del,NSP15_T112I,NSP6_F108del,Spike_E484A,E_T9I,NSP1_K47R,Spike_P26del,NSP12_P323L,Spike_D614G)
hCoV-19/Peru/CAL-INS-41528/2022	EPI_ISL_17304468	2022-12-27	South America / Peru / Callao	Human			Female	34	unknown		Original	Nasopharyngeal swab	Vaccinated against SARS-CoV-2	BQ.1.1.18	GRA	(NSP5_P132H,Spike_H69del,NSP3_G489S,Spike_L24del,NSP4_T327I,Spike_S373P,Spike_N969K,Spike_H655Y,N_R203K,Spike_V213G,Spike_G142D,Spike_A27S,Spike_Q954H,N_P13L,Spike_N501Y,Spike_P25del,N_R32del,NS3_T223I,Spike_T19I,M_Q19E,Spike_N440K,NSP4_T492I,Spike_N460K,N_E136D,M_D3N,Spike_N679K,Spike_N764K,NSP6_G107del,Spike_Y505H,NSP13_N268S,Spike_D796Y,N_G204R,Spike_T478K,N_S413R,NSP6_L260F,M_A63T,Spike_R346T,Spike_S371F,Spike_K417N,NSP13_R392C,Spike_F486V,Spike_T376A,NSP6_S106del,Spike_G339D,Spike_R408S,NSP14_I42V,NSP4_L264F,Spike_P681H,NSP13_M233I,N_S33del,NSP1_S135R,Spike_S375F,Spike_D405N,Spike_Q498R,Spike_S477N,N_E31del,NSP12_Y273H,NSP15_T112I,NSP6_F108del,Spike_E484A,E_T9I,Spike_K444T,Spike_V70del,Spike_P26del,NSP12_P323L,Spike_D614G,Spike_L452R)
hCoV-19/Peru/LIM-INS-41537/2022	EPI_ISL_17304477	2022-12-27	South America / Peru / Lima	Human			Male	20	unknown		Original	Nasopharyngeal swab	Vaccinated against SARS-CoV-2	XBB.2.6	GRA	(NSP5_P132H,NSP12_G671S,NSP3_G489S,Spike_L24del,NSP4_T327I,Spike_S373P,Spike_N969K,Spike_H655Y,N_R203K,Spike_G142D,Spike_A27S,Spike_Q954H,N_P13L,Spike_N501Y,Spike_P25del,N_R32del,Spike_V213E,NS3_T223I,Spike_T19I,Spike_H146Q,M_Q19E,Spike_N440K,Spike_D253G,NSP4_T492I,Spike_N460K,Spike_N679K,Spike_N764K,E_T11A,NSP6_G107del,Spike_Y505H,Spike_D796Y,N_G204R,Spike_T478K,N_S413R,M_A63T,Spike_R346T,Spike_S371F,Spike_V445P,Spike_K417N,NSP13_R392C,Spike_L368I,Spike_T376A,NSP6_S106del,Spike_F490S,Spike_Q183Z,Spike_R408S,NSP4_L438F,Spike_F486S,Spike_G339H,NSP14_I42V,NSP4_L264F,Spike_P681H,Spike_Y144del,Spike_V83A,N_S33del,NSP1_S135R,Spike_S375F,Spike_D405N,Spike_Q498R,Spike_G446S,NSP13_S36P,NSP2_D402G,Spike_S477N,N_E31del,NSP15_T112I,NSP6_F108del,Spike_E484A,E_T9I,NSP1_K47R,Spike_P26del,NSP12_P323L,Spike_D614G)
hCoV-19/Peru/PIU-INS-41669/2022	EPI_ISL_17304382	2022-12-06	South America / Peru / Piura	Human			Male	63	unknown		Original	Nasopharyngeal swab	Vaccinated against SARS-CoV-2	DJ.1.1	GRA	(NSP5_P132H,Spike_H69del,NSP3_G489S,Spike_L24del,NSP4_T327I,Spike_S373P,Spike_N969K,Spike_H655Y,N_R203K,Spike_V213G,Spike_G142D,Spike_A27S,Spike_Q954H,N_P13L,Spike_N501Y,Spike_P25del,N_R32del,NS3_T223I,Spike_T19I,NSP3_A333V,M_Q19E,Spike_N440K,NSP4_T492I,Spike_N460K,M_D3N,Spike_N679K,Spike_N764K,NSP6_G107del,Spike_Y505H,Spike_D796Y,N_G204R,Spike_T478K,N_S413R,M_A63T,Spike_S371F,NS3_H182Y,Spike_K417N,NSP13_R392C,Spike_F486V,Spike_T376A,NSP6_S106del,NS7b_H42Y,Spike_G339D,NSP12_A529V,NS8_W45S,NSP14_I42V,NSP4_L264F,Spike_P681H,Spike_Y144del,NSP3_T24I,N_S33del,N_T265S,NSP1_S135R,Spike_S375F,Spike_D405N,Spike_Q498R,Spike_S477N,N_E31del,NSP15_T112I,NSP6_F108del,Spike_K444N,Spike_E484A,E_T9I,Spike_V70del,Spike_P26del,NSP12_P323L,Spike_D614G,Spike_L452R)
hCoV-19/Peru/PIU-INS-41670/2022	EPI_ISL_17304383	2022-12-06	South America / Peru / Piura	Human			Female	46	unknown		Original	Nasopharyngeal swab	Vaccinated against SARS-CoV-2	BQ.1.1.13	GRA	(NSP5_P132H,Spike_H69del,NSP3_G489S,Spike_L24del,NSP4_T327I,Spike_S373P,Spike_N969K,Spike_H655Y,N_R203K,Spike_V213G,Spike_G142D,Spike_A27S,E_V62F,Spike_Q954H,N_P13L,Spike_N501Y,Spike_P25del,N_R32del,NS3_T223I,Spike_T19I,M_Q19E,Spike_N440K,NSP4_T492I,Spike_N460K,N_E136D,M_D3N,Spike_N679K,Spike_N764K,NSP6_G107del,Spike_Y505H,NSP13_N268S,Spike_D796Y,N_G204R,Spike_T478K,N_S413R,NSP6_L260F,M_A63T,Spike_R346T,NSP2_Q376K,Spike_S371F,Spike_K417N,NSP13_R392C,Spike_F486V,Spike_T376A,NSP6_S106del,NSP1_H110Y,Spike_G339D,NSP14_I42V,NSP4_L264F,Spike_P681H,Spike_Y144del,NSP13_M233I,NSP3_T24I,N_S33del,NSP1_S135R,Spike_S375F,Spike_D405N,Spike_Q498R,Spike_S477N,N_E31del,NSP12_Y273H,NSP15_T112I,NSP6_F108del,Spike_E484A,E_T9I,Spike_K444T,Spike_V70del,Spike_P26del,NSP12_P323L,Spike_D614G,Spike_L452R)
hCoV-19/Peru/PIU-INS-41680/2022	EPI_ISL_17304393	2022-12-03	South America / Peru / Piura	Human			Female	44	unknown		Original	Nasopharyngeal swab	Vaccinated against SARS-CoV-2	BQ.1.1	GRA	(NSP5_P132H,Spike_H69del,NSP3_G489S,Spike_L24del,NSP4_T327I,Spike_S373P,Spike_N969K,Spike_H655Y,N_R203K,Spike_V213G,Spike_G142D,Spike_A27S,Spike_Q954H,N_P13L,Spike_N501Y,Spike_P25del,N_R32del,NS3_T223I,Spike_T19I,M_Q19E,Spike_N440K,NSP4_T492I,Spike_N460K,N_E136D,M_D3N,Spike_N679K,Spike_N764K,NSP6_G107del,Spike_Y505H,NSP13_N268S,Spike_D796Y,N_G204R,Spike_T478K,N_S413R,NSP6_L260F,M_A63T,Spike_R346T,NSP2_Q376K,Spike_S371F,Spike_K417N,NSP13_R392C,Spike_F486V,Spike_T376A,NSP6_S106del,Spike_G339D,Spike_R408S,NSP14_I42V,NSP4_L264F,Spike_P681H,NSP13_M233I,NSP3_T24I,N_S33del,NSP1_S135R,Spike_S375F,Spike_D405N,Spike_Q498R,Spike_S477N,N_E31del,NSP12_Y273H,NSP15_T112I,NSP6_F108del,Spike_E484A,E_T9I,Spike_K444T,Spike_V70del,Spike_P26del,NSP12_P323L,Spike_D614G,Spike_L452R)
hCoV-19/Peru/PIU-INS-41683/2022	EPI_ISL_17304396	2022-12-03	South America / Peru / Piura	Human			Female	6	unknown		Original	Nasopharyngeal swab	Vaccinated against SARS-CoV-2	BQ.1.1.4	GRA	(NSP5_P132H,Spike_H69del,N_A208V,NSP3_G489S,Spike_L24del,NSP4_T327I,Spike_S373P,Spike_N969K,Spike_H655Y,N_R203K,Spike_V213G,Spike_G142D,Spike_A27S,Spike_Q954H,N_P13L,Spike_N501Y,Spike_P25del,N_R32del,NS3_T223I,Spike_T19I,Spike_N440K,NSP4_T492I,Spike_N460K,N_E136D,M_D3N,Spike_N679K,Spike_N764K,NSP6_G107del,Spike_Y505H,NSP13_N268S,Spike_D796Y,N_G204R,Spike_T478K,N_S413R,NSP6_L260F,M_A63T,M_Q19Z,Spike_R346T,NSP2_Q376K,Spike_S371F,Spike_K417N,NSP13_R392C,Spike_F486V,Spike_T376A,NSP6_S106del,Spike_G339D,NSP14_I42V,NSP4_L264F,Spike_P681H,NSP13_M233I,NSP3_T24I,N_S33del,NSP1_S135R,Spike_S375F,Spike_D405N,Spike_Q498R,Spike_S477N,N_E31del,NSP12_Y273H,NSP15_T112I,NSP6_F108del,Spike_E484A,E_T9I,Spike_K444T,Spike_V70del,Spike_A845S,Spike_P26del,NSP12_P323L,NSP6_A2V,Spike_D614G,Spike_L452R)
hCoV-19/Peru/PIU-INS-41679/2022	EPI_ISL_17304392	2022-12-03	South America / Peru / Piura	Human			Female	68	unknown		Original	Nasopharyngeal swab	Vaccinated against SARS-CoV-2	BQ.1.1	GRA	(NSP5_P132H,Spike_H69del,N_A414S,NSP3_G489S,Spike_L24del,NSP4_T327I,Spike_S373P,Spike_N969K,Spike_H655Y,N_R203K,Spike_V213G,Spike_G142D,Spike_A27S,Spike_Q954H,N_P13L,Spike_N501Y,Spike_P25del,N_R32del,NS3_T223I,Spike_T19I,M_Q19E,Spike_N440K,NSP4_T492I,Spike_N460K,N_E136D,M_D3N,Spike_N679K,Spike_N764K,NSP6_G107del,Spike_Y505H,NSP13_N268S,Spike_D796Y,N_G204R,Spike_T478K,N_S413R,NSP6_L260F,M_A63T,Spike_R346T,NSP2_Q376K,Spike_S371F,Spike_K417N,NSP13_R392C,Spike_F486V,Spike_T376A,NSP6_S106del,Spike_G339D,NSP14_I42V,NSP4_L264F,Spike_P681H,NSP13_M233I,NSP3_T24I,N_S33del,NSP1_S135R,Spike_S375F,Spike_D405N,NSP12_Q57R,Spike_Q498R,Spike_S477N,N_E31del,NSP12_Y273H,NSP15_T112I,NSP6_F108del,NSP3_D226Y,Spike_E484A,E_T9I,Spike_K444T,Spike_V70del,Spike_P26del,NSP12_P323L,Spike_D614G,Spike_L452R)
hCoV-19/Peru/PIU-INS-41675/2022	EPI_ISL_17304388	2022-12-03	South America / Peru / Piura	Human			Male	21	unknown		Original	Nasopharyngeal swab	Vaccinated against SARS-CoV-2	BQ.1.1.1	GRA	(NSP5_P132H,NSP14_D48N,Spike_H69del,NSP3_G489S,Spike_L24del,NSP4_T327I,Spike_S373P,Spike_N969K,Spike_H655Y,N_R203K,Spike_V213G,Spike_G142D,Spike_A27S,Spike_Q954H,N_P13L,Spike_N501Y,Spike_P25del,N_R32del,NS3_T223I,Spike_T19I,M_Q19E,NS7a_L96F,NSP14_V115A,Spike_N440K,NSP4_T492I,Spike_N460K,N_E136D,M_D3N,Spike_N679K,Spike_N764K,NSP6_G107del,Spike_Y505H,NSP13_N268S,Spike_D796Y,N_G204R,Spike_T478K,N_S413R,NSP6_L260F,M_A63T,Spike_R346T,NSP2_Q376K,NSP1_T50I,Spike_S371F,NSP13_R392C,Spike_K417N,Spike_F486V,Spike_T376A,NSP6_S106del,Spike_G339D,NSP14_I42V,NSP4_L264F,Spike_P681H,NSP13_M233I,NSP3_T24I,N_S33del,NSP1_S135R,Spike_S375F,Spike_D405N,Spike_Q498R,Spike_S477N,N_E31del,NSP12_Y273H,NSP15_T112I,NSP6_F108del,Spike_E484A,E_T9I,Spike_K444T,Spike_V70del,Spike_P26del,NSP12_P323L,NSP4_P166L,Spike_D614G,Spike_L452R)
hCoV-19/Peru/PIU-INS-41664/2022	EPI_ISL_17304377	2022-12-05	South America / Peru / Piura	Human			Male	44	unknown		Original	Nasopharyngeal swab		BQ.1.1	GRA	(NSP5_P132H,Spike_H69del,NSP7_T81I,NSP3_G489S,Spike_L24del,NSP4_T327I,Spike_S373P,Spike_N969K,Spike_H655Y,N_R203K,Spike_V213G,Spike_G142D,Spike_A27S,Spike_Q954H,N_P13L,Spike_N501Y,Spike_P25del,N_R32del,NS3_T223I,Spike_T19I,M_Q19E,Spike_N440K,NSP4_T492I,Spike_N460K,N_E136D,M_D3N,Spike_N679K,Spike_N764K,NSP6_G107del,Spike_Y505H,NSP13_N268S,Spike_D796Y,N_G204R,Spike_T478K,N_S413R,NSP6_L260F,M_A63T,Spike_R346T,NSP2_Q376K,Spike_S371F,Spike_K417N,NSP13_R392C,Spike_F486V,Spike_T376A,NSP6_S106del,Spike_G339D,NSP14_I42V,NSP4_L264F,Spike_P681H,NSP13_M233I,NSP3_T24I,N_S33del,NSP1_S135R,Spike_S375F,Spike_D405N,Spike_Q498R,Spike_S477N,N_E31del,NSP12_Y273H,NSP15_T112I,NSP6_F108del,Spike_E484A,E_T9I,Spike_K444T,Spike_V70del,Spike_P26del,NSP12_P323L,Spike_D614G,Spike_L452R)
hCoV-19/Peru/PIU-INS-41685/2022	EPI_ISL_17304398	2022-12-03	South America / Peru / Piura	Human			Male	74	unknown		Original	Nasopharyngeal swab	Vaccinated against SARS-CoV-2	BQ.1.1.4	GRA	(NSP5_P132H,Spike_H69del,NSP3_G489S,Spike_L24del,NSP4_T327I,Spike_S373P,Spike_N969K,Spike_H655Y,N_R203K,Spike_V213G,Spike_G142D,Spike_A27S,Spike_Q954H,N_P13L,Spike_N501Y,Spike_P25del,N_R32del,NS3_T223I,Spike_T19I,M_Q19E,Spike_N440K,NSP4_T492I,Spike_N460K,N_E136D,M_D3N,Spike_N679K,Spike_N764K,NSP6_G107del,Spike_Y505H,NSP13_N268S,Spike_D796Y,N_G204R,Spike_T478K,N_S413R,NSP6_L260F,M_A63T,Spike_R346T,NSP2_Q376K,Spike_S371F,Spike_K417N,NSP13_R392C,Spike_F486V,Spike_T376A,NSP6_S106del,Spike_G339D,Spike_R408S,NSP14_I42V,NSP4_L264F,Spike_P681H,NSP13_M233I,NSP3_T24I,N_S33del,NSP1_S135R,Spike_S375F,Spike_D405N,Spike_Q498R,Spike_S477N,N_E31del,NSP12_Y273H,NSP15_T112I,NSP6_F108del,Spike_E484A,E_T9I,Spike_K444T,Spike_V70del,Spike_P26del,NSP12_P323L,Spike_D614G,Spike_L452R)
hCoV-19/Peru/LIM-INS-41490/2022	EPI_ISL_17304430	2022-12-27	South America / Peru / Lima	Human			Female	40	unknown		Original	Nasopharyngeal swab	Vaccinated against SARS-CoV-2	DL.1	GRA	(NSP5_P132H,Spike_H69del,NSP3_G489S,Spike_L24del,NSP4_T327I,Spike_S373P,Spike_N969K,Spike_H655Y,N_R203K,Spike_V213G,Spike_G142D,Spike_A27S,Spike_Q954H,N_P13L,Spike_N501Y,Spike_P25del,N_R32del,NS3_T223I,Spike_T19I,M_Q19E,Spike_N440K,NSP4_T492I,Spike_N460K,M_D3N,Spike_N679K,Spike_N764K,NSP6_G107del,Spike_Y505H,Spike_D796Y,N_G204R,Spike_T478K,N_S413R,M_A63T,N_T282I,Spike_S371F,Spike_K417N,NSP13_R392C,Spike_F486V,Spike_T376A,NSP6_S106del,NS7b_H42Y,Spike_G339D,Spike_R408S,NS8_W45S,NSP14_I42V,NSP4_L264F,Spike_P681H,N_S33del,N_T265S,NSP1_S135R,Spike_S375F,Spike_D405N,Spike_Q498R,Spike_S477N,NSP6_K263R,N_E31del,NSP15_T112I,NSP6_F108del,Spike_K444N,Spike_E484A,E_T9I,Spike_V70del,Spike_P26del,NSP12_P323L,Spike_D614G,Spike_L452R)
hCoV-19/Peru/CAL-INS-41501/2022	EPI_ISL_17304441	2022-12-29	South America / Peru / Callao	Human			Female	61	unknown		Original	Nasopharyngeal swab	Vaccinated against SARS-CoV-2	BQ.1.1.4	GRA	(NSP5_P132H,Spike_H69del,NSP3_G489S,Spike_L24del,NSP4_T327I,Spike_S373P,Spike_N969K,Spike_H655Y,N_R203K,Spike_V213G,Spike_G142D,Spike_A27S,Spike_Q954H,N_P13L,Spike_N501Y,Spike_P25del,N_R32del,NS3_T223I,Spike_T19I,M_Q19E,Spike_N440K,NSP4_T492I,Spike_N460K,N_E136D,M_D3N,Spike_N679K,Spike_N764K,NSP6_G107del,Spike_Y505H,NSP13_N268S,Spike_D796Y,N_G204R,Spike_T478K,N_S413R,NSP6_L260F,M_A63T,Spike_R346T,NSP3_S1877G,Spike_S371F,Spike_K417N,NSP13_R392C,Spike_F486V,Spike_T376A,NSP6_S106del,Spike_G339D,Spike_R408S,NSP14_I42V,NSP4_L264F,Spike_P681H,NS8_L118del,Spike_Y144del,NSP13_M233I,N_S33del,NSP1_S135R,Spike_S375F,Spike_D405N,Spike_Q498R,Spike_S477N,N_E31del,NSP12_Y273H,NSP15_T112I,NSP6_F108del,Spike_E484A,E_T9I,Spike_K444T,Spike_V70del,Spike_P26del,NSP12_P323L,Spike_D614G,Spike_L452R)
hCoV-19/Peru/LIM-INS-41496/2022	EPI_ISL_17304436	2022-12-27	South America / Peru / Lima	Human			Male	63	unknown		Original	Nasopharyngeal swab	Vaccinated against SARS-CoV-2	XBB.2.6	GRA	(NSP5_P132H,NSP12_G671S,NSP3_G489S,Spike_L24del,NSP4_T327I,Spike_S373P,Spike_N969K,Spike_H655Y,N_R203K,Spike_G142D,Spike_A27S,Spike_Q954H,N_P13L,Spike_N501Y,Spike_P25del,N_R32del,Spike_V213E,NS3_T223I,Spike_T19I,Spike_H146Q,M_Q19E,Spike_N440K,Spike_D253G,NSP4_T492I,Spike_N460K,Spike_N679K,Spike_N764K,E_T11A,NSP6_G107del,Spike_Y505H,Spike_D796Y,N_G204R,Spike_T478K,N_S413R,M_A63T,Spike_R346T,Spike_S371F,Spike_V445P,Spike_K417N,NSP13_R392C,Spike_L368I,Spike_T376A,NSP6_S106del,Spike_F490S,Spike_Q183Z,Spike_R408S,NSP4_L438F,Spike_F486S,Spike_G339H,NSP14_I42V,NSP4_L264F,Spike_P681H,Spike_Y144del,Spike_V83A,N_S33del,NSP1_S135R,Spike_S375F,Spike_D405N,Spike_Q498R,Spike_G446S,NSP13_S36P,Spike_S477N,N_E31del,NSP15_T112I,NSP6_F108del,Spike_E484A,E_T9I,NSP1_K47R,Spike_P26del,NSP12_P323L,Spike_D614G)
hCoV-19/Peru/LIM-INS-41498/2022	EPI_ISL_17304438	2022-12-28	South America / Peru / Lima	Human			Male	50	unknown		Original	Nasopharyngeal swab	Vaccinated against SARS-CoV-2	BQ.1.1	GRA	(NSP5_P132H,Spike_H69del,NSP3_G489S,Spike_L24del,NSP4_T327I,Spike_S373P,Spike_N969K,Spike_H655Y,N_R203K,Spike_V213G,Spike_G142D,Spike_A27S,Spike_Q954H,N_P13L,Spike_N501Y,Spike_P25del,N_R32del,NS3_T223I,Spike_T19I,M_Q19E,Spike_N440K,NSP4_T492I,Spike_N460K,N_E136D,M_D3N,Spike_N679K,Spike_N764K,NSP6_G107del,Spike_Y505H,NSP13_N268S,Spike_D796Y,N_G204R,Spike_T478K,N_S413R,NSP6_L260F,M_A63T,Spike_R346T,Spike_S371F,Spike_K417N,NSP13_R392C,Spike_F486V,Spike_T376A,NSP6_S106del,Spike_G339D,Spike_R408S,NSP14_I42V,NSP4_L264F,Spike_P681H,NSP13_M233I,N_S33del,NSP1_S135R,Spike_S375F,Spike_D405N,Spike_Q498R,Spike_S477N,N_E31del,NSP12_Y273H,NSP15_T112I,NSP6_F108del,Spike_E484A,E_T9I,Spike_K444T,Spike_V70del,Spike_P26del,NSP12_P323L,Spike_D614G,Spike_L452R)
hCoV-19/Peru/PIU-INS-41686/2022	EPI_ISL_17304399	2022-12-03	South America / Peru / Piura	Human			Male	11	unknown		Original	Nasopharyngeal swab	Vaccinated against SARS-CoV-2	BQ.1.1.4	GRA	(NSP5_P132H,Spike_H69del,NSP3_G489S,Spike_L24del,NSP4_T327I,Spike_S373P,Spike_N969K,Spike_H655Y,N_R203K,Spike_V213G,Spike_G142D,Spike_A27S,Spike_Q954H,N_P13L,Spike_N501Y,Spike_P25del,N_R32del,NS3_T223I,Spike_T19I,M_Q19E,Spike_N440K,NSP4_T492I,Spike_N460K,N_E136D,M_D3N,Spike_N679K,Spike_N764K,NSP6_G107del,Spike_Y505H,NSP13_N268S,Spike_D796Y,N_G204R,Spike_T478K,N_S413R,NSP6_L260F,M_A63T,Spike_R346T,NSP2_Q376K,Spike_S371F,Spike_K417N,NSP13_R392C,Spike_F486V,Spike_T376A,NSP6_S106del,NSP14_L157F,Spike_G339D,NSP14_I42V,NSP4_L264F,Spike_P681H,NSP13_M233I,NSP3_T24I,N_S33del,NSP1_S135R,Spike_S375F,Spike_D405N,Spike_Q498R,Spike_S477N,N_E31del,NSP12_Y273H,NSP15_T112I,NSP6_F108del,Spike_E484A,E_T9I,Spike_K444T,Spike_V70del,Spike_P26del,NSP12_P323L,Spike_D614G,Spike_L452R)
hCoV-19/Peru/PIU-INS-41662/2022	EPI_ISL_17304375	2022-12-07	South America / Peru / Piura	Human			Female	43	unknown		Original	Nasopharyngeal swab	Vaccinated against SARS-CoV-2	BQ.1.1	GRA	(NSP5_P132H,Spike_H69del,NSP3_G489S,Spike_L24del,NSP4_T327I,Spike_S373P,Spike_N969K,Spike_H655Y,N_R203K,Spike_V213G,Spike_G142D,Spike_A27S,Spike_Q954H,N_P13L,Spike_N501Y,Spike_P25del,N_R32del,NS3_T223I,Spike_T19I,M_Q19E,Spike_N440K,NSP4_T492I,Spike_N460K,N_E136D,M_D3N,Spike_N679K,Spike_N764K,NSP6_G107del,Spike_Y505H,NSP13_N268S,Spike_D796Y,N_G204R,Spike_T478K,N_S79N,N_S413R,NSP6_L260F,M_A63T,Spike_R346T,NSP2_Q376K,Spike_S371F,Spike_K417N,NSP13_R392C,Spike_F486V,Spike_T376A,NSP6_S106del,Spike_G339D,NSP15_I96T,NSP14_I42V,NSP4_L264F,Spike_P681H,NSP13_M233I,NSP3_T24I,N_S33del,NSP1_S135R,Spike_S375F,Spike_D405N,Spike_Q498R,Spike_S477N,N_E31del,NSP12_Y273H,NSP15_T112I,NSP6_F108del,Spike_E484A,E_T9I,Spike_K444T,Spike_V70del,Spike_P26del,NSP12_P323L,Spike_D614G,Spike_L452R)
hCoV-19/Peru/PIU-INS-41661/2022	EPI_ISL_17304374	2022-12-07	South America / Peru / Piura	Human			Male	65	unknown		Original	Nasopharyngeal swab	Vaccinated against SARS-CoV-2	BQ.1.12	GRA	(NSP5_P132H,Spike_H69del,NSP3_G489S,Spike_L24del,NSP4_T327I,Spike_S373P,Spike_N969K,Spike_H655Y,N_R203K,Spike_V213G,Spike_G142D,Spike_A27S,Spike_Q954H,N_P13L,Spike_N501Y,Spike_P25del,N_R32del,NS3_T223I,NSP13_T153I,Spike_T19I,M_Q19E,Spike_N440K,NSP4_T492I,Spike_N460K,N_E136D,M_D3N,Spike_N679K,Spike_N764K,NSP6_G107del,Spike_Y505H,Spike_D796Y,N_G204R,Spike_T478K,N_S413R,NSP6_L260F,M_A63T,NSP2_Q376K,Spike_S371F,Spike_K417N,NSP13_R392C,Spike_F486V,Spike_T376A,NSP6_S106del,Spike_G339D,Spike_R408S,NSP14_I42V,NSP4_L264F,Spike_P681H,Spike_Y144del,NSP13_M233I,NSP3_T24I,N_S33del,NSP1_S135R,Spike_S375F,Spike_D405N,Spike_Q498R,Spike_S477N,N_E31del,NSP12_Y273H,NSP15_T112I,NSP6_F108del,Spike_E484A,E_T9I,Spike_K444T,Spike_V70del,Spike_P26del,NSP12_P323L,Spike_D614G,Spike_L452R)
hCoV-19/Peru/PIU-INS-41663/2022	EPI_ISL_17304376	2022-12-05	South America / Peru / Piura	Human			Female	76	unknown		Original	Nasopharyngeal swab		DJ.1.1	GRA	(NSP5_P132H,Spike_H69del,NSP3_G489S,Spike_L24del,NSP4_T327I,Spike_S373P,Spike_N969K,Spike_H655Y,N_R203K,Spike_V213G,Spike_G142D,Spike_A27S,Spike_Q954H,N_P13L,Spike_N501Y,Spike_P25del,N_R32del,NS3_T223I,Spike_T19I,M_Q19E,Spike_N440K,NSP4_T492I,Spike_N460K,M_D3N,Spike_N679K,Spike_N764K,NSP6_G107del,Spike_Y505H,Spike_K147N,Spike_D796Y,N_G204R,Spike_T478K,N_S413R,M_A63T,Spike_S371F,NSP14_R163C,Spike_K417N,NSP13_R392C,Spike_F486V,Spike_T376A,NSP6_S106del,NS7b_H42Y,Spike_G339D,NS8_W45S,NSP14_I42V,NSP4_L264F,Spike_P681H,NSP3_T24I,N_S33del,N_T265S,NSP1_S135R,Spike_S375F,Spike_D405N,Spike_Q498R,Spike_S477N,N_E31del,NSP15_T112I,NSP6_F108del,Spike_K444N,Spike_E484A,E_T9I,Spike_V70del,Spike_P26del,NSP12_P323L,Spike_D614G,Spike_L452R)
hCoV-19/Peru/PIU-INS-41690/2022	EPI_ISL_17304403	2022-12-05	South America / Peru / Piura	Human			Female	27	unknown		Original	Nasopharyngeal swab	Vaccinated against SARS-CoV-2	BQ.1.1.13	GRA	(NSP5_P132H,Spike_H69del,NSP3_G489S,Spike_L24del,NSP4_T327I,Spike_S373P,Spike_N969K,Spike_H655Y,N_R203K,Spike_V213G,Spike_G142D,Spike_A27S,E_V62F,Spike_Q954H,N_P13L,Spike_N501Y,Spike_P25del,N_R32del,NS3_T223I,Spike_T19I,M_Q19E,Spike_N440K,NSP4_T492I,Spike_N460K,N_E136D,M_D3N,Spike_N679K,Spike_N764K,NSP6_G107del,Spike_Y505H,NSP13_N268S,Spike_D796Y,N_G204R,Spike_T478K,N_S413R,NSP6_L260F,M_A63T,Spike_R346T,Spike_Y674F,NSP2_Q376K,Spike_S1003I,Spike_S371F,Spike_K417N,NSP13_R392C,Spike_F486V,Spike_T376A,NSP6_S106del,NSP1_H110Y,Spike_G339D,NSP14_I42V,NSP4_L264F,Spike_P681H,Spike_Y144del,NSP13_M233I,NSP3_T24I,N_S33del,NSP1_S135R,Spike_S375F,Spike_D405N,Spike_Q498R,Spike_S477N,N_E31del,NSP12_Y273H,NSP15_T112I,NSP6_F108del,Spike_E484A,E_T9I,Spike_K444T,Spike_V70del,Spike_P26del,NSP12_P323L,Spike_D614G,Spike_L452R)
hCoV-19/Peru/PIU-INS-41691/2022	EPI_ISL_17304404	2022-12-05	South America / Peru / Piura	Human			Male	40	unknown		Original	Nasopharyngeal swab	Vaccinated against SARS-CoV-2	BQ.1.1	GRA	(NSP5_P132H,Spike_H69del,NSP3_G489S,Spike_L24del,NSP4_T327I,Spike_S373P,Spike_N969K,Spike_H655Y,N_R203K,Spike_V213G,Spike_G142D,Spike_A27S,Spike_Q954H,N_P13L,Spike_N501Y,Spike_P25del,N_R32del,NS3_T223I,Spike_T19I,M_Q19E,Spike_N440K,NSP4_T492I,Spike_N460K,N_E136D,M_D3N,Spike_N679K,Spike_N764K,NSP6_G107del,Spike_Y505H,NSP13_N268S,Spike_D796Y,N_G204R,Spike_T478K,N_S413R,NSP6_L260F,M_A63T,Spike_R346T,NSP2_Q376K,NSP13_E341D,Spike_S371F,Spike_K417N,NSP13_R392C,Spike_F486V,Spike_T376A,NSP6_S106del,Spike_G339D,NSP14_I42V,NSP4_L264F,Spike_P681H,NSP13_M233I,NSP3_T24I,N_S33del,NSP1_S135R,Spike_S375F,Spike_D405N,Spike_Q498R,Spike_S477N,N_E31del,NSP12_Y273H,NSP15_T112I,NSP6_F108del,Spike_E484A,E_T9I,Spike_K444T,Spike_V70del,Spike_P26del,NSP12_P323L,Spike_D614G,Spike_L452R)
hCoV-19/Peru/PIU-INS-41692/2022	EPI_ISL_17304405	2022-12-05	South America / Peru / Piura	Human			Female	32	unknown		Original	Nasopharyngeal swab	Vaccinated against SARS-CoV-2	BQ.1.5	GRA	(NSP5_P132H,Spike_H69del,NSP3_G489S,Spike_L24del,NSP4_T327I,Spike_S373P,Spike_N969K,Spike_H655Y,N_R203K,Spike_V213G,Spike_G142D,Spike_A27S,Spike_Q954H,N_P13L,Spike_N501Y,Spike_P25del,N_R32del,NS3_T223I,NSP13_T153I,Spike_T19I,M_Q19E,Spike_N440K,NSP4_T492I,Spike_N460K,N_E136D,M_D3N,Spike_N679K,Spike_N764K,NSP6_G107del,Spike_Y505H,Spike_D796Y,N_G204R,Spike_T478K,N_S413R,NSP6_L260F,M_A63T,NSP2_Q376K,Spike_S371F,Spike_K417N,NSP13_R392C,Spike_F486V,Spike_T376A,NSP6_S106del,Spike_G339D,NSP14_I42V,NSP4_L264F,Spike_P681H,Spike_Y144del,NSP13_M233I,NSP3_T24I,N_S33del,NSP1_S135R,Spike_S375F,Spike_D405N,Spike_Q498R,Spike_S477N,N_E31del,NSP12_Y273H,NSP15_T112I,NSP6_F108del,Spike_E484A,E_T9I,Spike_K444T,Spike_V70del,Spike_P26del,NSP12_P323L,Spike_D614G,Spike_L452R)
hCoV-19/Peru/LIM-INS-41506/2022	EPI_ISL_17304446	2022-12-28	South America / Peru / Lima	Human			Female	67	unknown		Original	Nasopharyngeal swab	Vaccinated against SARS-CoV-2	CH.1.1.1	GRA	(NSP5_P132H,Spike_N185D,NSP3_G489S,NSP2_A247V,Spike_L24del,NSP4_T327I,Spike_S373P,Spike_N969K,Spike_H655Y,N_R203K,Spike_V213G,Spike_W152R,Spike_G142D,NSP14_V182I,Spike_A27S,Spike_Q954H,N_P13L,Spike_N501Y,Spike_P25del,N_R32del,NS3_T223I,Spike_T19I,M_Q19E,Spike_N440K,NSP4_T492I,Spike_N460K,Spike_F157L,Spike_K147E,Spike_N679K,Spike_N764K,E_T11A,NSP6_G107del,Spike_Y505H,NSP16_Q28R,Spike_D796Y,N_G204R,Spike_T478K,N_S413R,M_A63T,Spike_R346T,Spike_S371F,Spike_G257S,NSP13_R392C,Spike_K417N,Spike_T376A,NSP6_S106del,NSP3_G132D,Spike_I210V,Spike_R408S,NSP4_L438F,Spike_F486S,Spike_G339H,NSP14_I42V,NSP4_L264F,Spike_P681H,N_S33del,NSP1_S135R,Spike_S375F,Spike_D405N,Spike_Q498R,Spike_G446S,Spike_S477N,N_E31del,NSP6_F108del,Spike_E484A,E_T9I,Spike_K444T,Spike_P26del,NSP12_P323L,Spike_D614G,Spike_L452R,NSP8_N118S,NSP3_P822S)
hCoV-19/Peru/PIU-INS-41687/2022	EPI_ISL_17304400	2022-12-03	South America / Peru / Piura	Human			Female	38	unknown		Original	Nasopharyngeal swab	Vaccinated against SARS-CoV-2	BQ.1.1.4	GRA	(NSP5_P132H,Spike_H69del,NSP3_G489S,Spike_L24del,NSP4_T327I,Spike_S373P,Spike_N969K,Spike_H655Y,N_R203K,Spike_V213G,Spike_G142D,Spike_A27S,Spike_Q954H,N_P13L,Spike_N501Y,Spike_P25del,N_R32del,NS3_T223I,Spike_T19I,M_Q19E,Spike_N440K,NSP4_T492I,Spike_N460K,N_E136D,M_D3N,Spike_N679K,Spike_N764K,NSP6_G107del,Spike_Y505H,NSP13_N268S,Spike_D796Y,N_G204R,Spike_T478K,N_S413R,NSP6_L260F,M_A63T,Spike_R346T,NSP2_Q376K,Spike_S371F,Spike_K417N,NSP13_R392C,Spike_F486V,Spike_T376A,NSP6_S106del,Spike_G339D,Spike_R408S,NSP14_I42V,NSP4_L264F,Spike_P681H,NSP13_M233I,NSP3_T24I,N_S33del,NSP1_S135R,Spike_S375F,Spike_D405N,Spike_Q498R,Spike_S477N,N_E31del,NSP12_Y273H,NSP15_T112I,NSP6_F108del,Spike_E484A,E_T9I,Spike_K444T,Spike_V70del,Spike_P26del,NSP12_P323L,Spike_D614G,Spike_L452R)
hCoV-19/Peru/PIU-INS-41689/2022	EPI_ISL_17304402	2022-12-05	South America / Peru / Piura	Human			Female	32	unknown		Original	Nasopharyngeal swab	Vaccinated against SARS-CoV-2	BQ.1.1	GRA	(NSP5_P132H,Spike_H69del,NSP3_G489S,Spike_L24del,NSP4_T327I,Spike_S373P,Spike_N969K,Spike_H655Y,N_R203K,Spike_V213G,Spike_G142D,Spike_A27S,Spike_Q954H,N_P13L,Spike_N501Y,Spike_P25del,N_R32del,NS3_T223I,Spike_T19I,M_Q19E,Spike_N440K,NSP4_T492I,Spike_N460K,N_E136D,M_D3N,Spike_N679K,Spike_N764K,NSP6_G107del,Spike_Y505H,NSP13_N268S,Spike_D796Y,N_G204R,Spike_T478K,N_S413R,NSP6_L260F,M_A63T,Spike_R346T,NSP2_Q376K,Spike_S371F,Spike_K417N,NSP13_R392C,Spike_F486V,Spike_T376A,NSP6_S106del,Spike_G339D,NSP14_I42V,NSP4_L264F,Spike_P681H,NSP13_M233I,NSP3_T24I,N_S33del,NSP1_S135R,Spike_S375F,Spike_D405N,Spike_Q498R,Spike_S477N,N_E31del,NSP12_Y273H,NSP15_T112I,NSP6_F108del,Spike_E484A,E_T9I,Spike_K444T,Spike_V70del,Spike_P26del,NSP12_P323L,Spike_D614G,Spike_L452R)
hCoV-19/Peru/PIU-INS-41688/2022	EPI_ISL_17304401	2022-12-03	South America / Peru / Piura	Human			Female	70	unknown		Original	Nasopharyngeal swab	Vaccinated against SARS-CoV-2	BQ.1.1.4	GRA	(NSP5_P132H,Spike_H69del,NSP3_G489S,Spike_L24del,NSP4_T327I,Spike_S373P,Spike_N969K,Spike_H655Y,N_R203K,Spike_V213G,Spike_G142D,Spike_A27S,Spike_Q954H,N_P13L,Spike_N501Y,Spike_P25del,N_R32del,NS3_T223I,Spike_T19I,M_Q19E,Spike_N440K,NSP4_T492I,Spike_N460K,N_E136D,M_D3N,Spike_N679K,Spike_N764K,NSP6_G107del,Spike_Y505H,NSP13_N268S,Spike_D796Y,N_G204R,Spike_T478K,N_S413R,NSP6_L260F,M_A63T,Spike_R346T,NSP2_Q376K,Spike_S371F,Spike_K417N,NSP13_R392C,Spike_F486V,Spike_T376A,NSP6_S106del,Spike_G339D,NSP14_I42V,NSP4_L264F,Spike_P681H,NSP13_M233I,NSP3_T24I,N_S33del,NSP1_S135R,Spike_S375F,Spike_D405N,Spike_Q498R,Spike_S477N,N_E31del,NSP12_Y273H,NSP15_T112I,NSP6_F108del,Spike_E484A,E_T9I,Spike_K444T,Spike_V70del,Spike_P26del,NSP12_P323L,Spike_D614G,Spike_L452R)
hCoV-19/Peru/PIU-INS-41652/2022	EPI_ISL_17304365	2022-12-07	South America / Peru / Piura	Human			Female	33	unknown		Original	Nasopharyngeal swab		BQ.1.1.13	GRA	(NSP5_P132H,Spike_H69del,NSP3_G489S,Spike_L24del,NSP4_T327I,Spike_S373P,Spike_N969K,Spike_H655Y,N_R203K,Spike_V213G,Spike_G142D,Spike_A27S,E_V62F,Spike_Q954H,N_P13L,Spike_N501Y,Spike_P25del,N_R32del,NS3_T223I,Spike_T19I,M_Q19E,Spike_N440K,NSP4_T492I,Spike_N460K,N_E136D,M_D3N,Spike_N679K,Spike_N764K,NSP6_G107del,Spike_Y505H,NSP13_N268S,Spike_D796Y,N_G204R,Spike_T478K,N_S413R,NSP6_L260F,M_A63T,Spike_R346T,NSP2_Q376K,Spike_S371F,Spike_K417N,NSP13_R392C,Spike_F486V,Spike_T376A,NSP6_S106del,NSP1_H110Y,Spike_G339D,NSP14_I42V,NSP4_L264F,NSP8_P178S,Spike_P681H,Spike_Y144del,NSP13_M233I,NSP3_T24I,N_S33del,NSP1_S135R,Spike_S375F,Spike_D405N,Spike_Q498R,Spike_S477N,N_E31del,NSP12_Y273H,NSP15_T112I,NSP6_F108del,Spike_E484A,E_T9I,Spike_K444T,Spike_V70del,Spike_P26del,NSP12_P323L,Spike_D614G,Spike_L452R)
hCoV-19/Peru/PIU-INS-41657/2022	EPI_ISL_17304370	2022-12-07	South America / Peru / Piura	Human			Female	26	unknown		Original	Nasopharyngeal swab		DJ.1.1	GRA	(NSP5_P132H,Spike_H69del,NSP3_G489S,Spike_L24del,NSP4_T327I,Spike_S373P,Spike_N969K,Spike_H655Y,N_R203K,Spike_V213G,Spike_G142D,Spike_A27S,Spike_Q954H,N_P13L,Spike_N501Y,Spike_P25del,N_R32del,NS3_T223I,Spike_T19I,M_Q19E,Spike_N440K,NSP4_T492I,Spike_N460K,M_D3N,Spike_N679K,Spike_N764K,NSP6_G107del,Spike_Y505H,NSP13_P47L,Spike_D796Y,N_G204R,Spike_T478K,N_S413R,M_A63T,Spike_S371F,Spike_H1101Y,Spike_K417N,NSP13_R392C,Spike_F486V,Spike_T376A,NSP6_S106del,NS7b_H42Y,Spike_G339D,Spike_R408S,NS8_W45S,NSP14_I42V,NSP4_L264F,Spike_P681H,NSP3_T24I,N_S33del,N_T265S,NSP1_S135R,Spike_S375F,Spike_D405N,Spike_Q498R,Spike_S477N,NSP6_K263R,N_E31del,NSP15_T112I,NSP6_F108del,Spike_K444N,Spike_E484A,E_T9I,Spike_V70del,Spike_P26del,NSP12_P323L,Spike_D614G,Spike_L452R)
hCoV-19/Peru/PIU-INS-41656/2022	EPI_ISL_17304369	2022-12-06	South America / Peru / Piura	Human			Female	51	unknown		Original	Nasopharyngeal swab	Vaccinated against SARS-CoV-2	BQ.1.1	GRA	(NSP5_P132H,Spike_H69del,N_A414S,NSP3_G489S,Spike_L24del,NSP4_T327I,Spike_S373P,Spike_N969K,Spike_H655Y,N_R203K,Spike_V213G,Spike_G142D,Spike_A27S,Spike_Q954H,N_P13L,Spike_N501Y,Spike_P25del,N_R32del,NS3_T223I,Spike_T19I,M_Q19E,Spike_N440K,NSP4_T492I,Spike_N460K,N_E136D,M_D3N,Spike_N679K,NSP2_T590del,Spike_N764K,NSP6_G107del,Spike_Y505H,NSP13_N268S,Spike_D796Y,N_G204R,Spike_T478K,N_S413R,NSP6_L260F,M_A63T,Spike_R346T,NSP2_Q376K,Spike_S371F,NSP13_R392C,Spike_K417N,Spike_F486V,Spike_T376A,NSP6_S106del,Spike_G339D,Spike_R408S,NSP14_I42V,NSP4_L264F,Spike_P681H,NSP13_M233I,NSP3_T24I,N_S33del,NSP1_S135R,Spike_S375F,Spike_D405N,NSP12_Q57R,Spike_Q498R,Spike_S477N,N_E31del,NSP12_Y273H,NSP15_T112I,NSP6_F108del,NSP3_D226Y,Spike_E484A,E_T9I,Spike_K444T,Spike_V70del,Spike_P26del,NSP12_P323L,Spike_D614G,Spike_L452R)
hCoV-19/Peru/LIM-INS-41604/2022	EPI_ISL_17304544	2022-12-16	South America / Peru / Lima	Human			Female	56	unknown		Original	Nasopharyngeal swab	Vaccinated against SARS-CoV-2	DJ.1.1	GRA	(NSP5_P132H,Spike_H69del,NSP3_G489S,Spike_L24del,NSP4_T327I,Spike_S373P,Spike_N969K,Spike_H655Y,N_R203K,Spike_V213G,Spike_G142D,Spike_A27S,Spike_Q954H,N_P13L,Spike_N501Y,Spike_P25del,N_R32del,NS3_T223I,Spike_T19I,M_Q19E,Spike_N440K,NSP4_T492I,Spike_N460K,M_D3N,Spike_N679K,Spike_N764K,NSP6_G107del,Spike_Y505H,Spike_D796Y,N_G204R,Spike_T478K,N_S413R,M_A63T,Spike_S371F,Spike_K417N,NSP13_R392C,Spike_F486V,Spike_T376A,NSP6_S106del,NS7b_H42Y,Spike_G339D,Spike_R408S,NS8_W45S,NSP14_I42V,NSP4_L264F,Spike_P681H,NSP3_T24I,N_S33del,N_T265S,NSP1_S135R,Spike_S375F,Spike_D405N,Spike_Q498R,Spike_S477N,NSP6_K263R,N_E31del,NSP15_T112I,NSP6_F108del,Spike_K444N,Spike_E484A,E_T9I,Spike_V70del,Spike_P26del,NSP12_P323L,Spike_D614G,Spike_L452R)
hCoV-19/Peru/LIM-INS-41605/2022	EPI_ISL_17304545	2022-12-16	South America / Peru / Lima	Human			Male	68	unknown		Original	Nasopharyngeal swab	Vaccinated against SARS-CoV-2	DJ.1.1	GRA	(NSP5_P132H,Spike_H69del,NSP3_G489S,Spike_L24del,NSP4_T327I,Spike_S373P,Spike_N969K,Spike_H655Y,N_R203K,Spike_V213G,Spike_G142D,Spike_A27S,Spike_Q954H,N_P13L,Spike_N501Y,Spike_P25del,N_R32del,NS3_T223I,Spike_T19I,M_Q19E,Spike_N440K,NSP4_T492I,Spike_N460K,M_D3N,Spike_N679K,Spike_N764K,NS8_A55V,NSP6_G107del,Spike_Y505H,Spike_D796Y,N_G204R,Spike_T478K,N_S413R,M_A63T,Spike_S371F,Spike_K417N,NSP13_R392C,Spike_F486V,Spike_T376A,NSP6_S106del,NS7b_H42Y,Spike_G339D,Spike_R408S,NS8_W45S,NSP14_I42V,NSP4_L264F,Spike_P681H,Spike_Y144del,NSP3_T24I,N_S33del,N_T265S,NSP1_S135R,Spike_S375F,Spike_D405N,Spike_Q498R,Spike_S477N,N_E31del,NSP15_T112I,NSP6_F108del,Spike_K444N,Spike_E484A,E_T9I,Spike_V70del,Spike_P26del,NSP12_P323L,Spike_D614G,Spike_L452R)